{"fn_name": "doubles", "inputs": [[1,3], [1,10], [10,100]], "outputs": [[0.4236111111111111], [0.5580321939764581], [0.6832948559787737]]}