{"fn_name": "frogPosition", "inputs": [[7,[[1,2],[1,3],[1,7],[2,4],[2,6],[3,5]],2,4], [7,[[1,2],[1,3],[1,7],[2,4],[2,6],[3,5]],1,7], [7,[[1,2],[1,3],[1,7],[2,4],[2,6],[3,5]],20,6]], "outputs": [[0.16666666666666666], [0.3333333333333333], [0.16666666666666666]]}